No    ;Event ID;Date;Origin Time;Latitude;Longitude;Depth(km);xM;MD;ML;Mw;Ms;Mb;Type;Location
1;2.02E+13;13.04.2020;23:56:38.18;41.5683;28.789;17.7;4;0;4;3.7;0;0;Ke;ORMANLI ACIKLARI-ISTANBUL (KARADENIZ)
2;2.02E+13;8.03.2020;04:21:04.74;40.7057;29.262;5.1;4;0;4;3.8;0;0;Ke;YALOVA ACIKLARI (MARMARA DENIZI)
3;2.02E+13;11.01.2020;13:37:36.74;40.8613;28.2268;14.4;4.9;0;4.9;4.6;0;0;Ke;SILIVRI ACIKLARI-ISTANBUL (MARMARA DENIZI)
4;2.02E+13;10.10.2019;16:52:03.30;40.6953;29.2597;10.3;4.1;0;4.1;3.8;0;0;Ke;YALOVA ACIKLARI (MARMARA DENIZI)
5;2.02E+13;27.09.2019;13:35:47.38;40.425;26.112;12;4.1;0;4.1;3.9;0;0;Ke;SAROS KORFEZI (EGE DENIZI)
6;2.02E+13;26.09.2019;20:20:18.53;40.8677;28.2318;9.5;4.2;0;4.2;4.2;0;0;Ke;SILIVRI ACIKLARI-ISTANBUL (MARMARA DENIZI)
7;2.02E+13;26.09.2019;11:26:36.18;40.8758;28.2943;15.1;4.4;0;4.4;4.2;0;0;Ke;MARMARA DENIZI
8;2.02E+13;26.09.2019;10:59:24.55;40.8802;28.216;13.3;5.7;0;5.7;5.7;0;0;Ke;SILIVRI ACIKLARI-ISTANBUL (MARMARA DENIZI)
9;2.02E+13;24.09.2019;08:00:21.42;40.8745;28.212;9.9;4.7;0;4.7;4.5;0;0;Ke;SILIVRI ACIKLARI-ISTANBUL (MARMARA DENIZI)
10;2.02E+13;31.07.2019;11:34:35.62;39.8097;27.2312;9.9;4.1;0;4.1;3.9;0;0;Ke;UCKABAAGAC-YENICE (CANAKKALE) [South West  1.4 km]
11;2.02E+13;25.05.2019;12:13:35.04;40.5673;27.1237;16;4.2;0;4.2;4;0;0;Ke;SARKOY (TEKIRDAG) [South 5.4 km]
12;2.02E+13;4.03.2019;21:07:27.56;40.45;28.4655;13.8;4.2;0;4.2;4;0;0;Ke;BAYRAMDERE ACIKLARI-BURSA (MARMARA DENIZI)
13;2.02E+13;19.02.2019;21:33:54.96;40.3862;27.1572;11.5;4.1;0;4.1;4.1;0;0;Ke;CAKIRLI-BIGA (CANAKKALE) [North West  1.9 km]
14;2.02E+13;19.02.2019;19:48:42.72;40.3833;27.1537;11.6;4;0;4;3.7;0;0;Ke;CAKIRLI-BIGA (CANAKKALE) [North West  2.0 km]
15;2.02E+13;15.02.2019;16:14:27.29;40.7818;27.9382;20.2;4.1;0;4.1;3.8;0;0;Ke;MARMARA DENIZI
16;2.02E+13;5.01.2019;04:20:14.30;40.4447;28.3713;10.4;4.1;0;4.1;3.9;0;0;Ke;BAYRAMDERE ACIKLARI-BURSA (MARMARA DENIZI)
17;2.02E+13;20.12.2018;06:34:24.40;40.5995;28.9773;7.3;4.6;0;4.6;4.4;0;0;Ke;ESENKOY-CINARCIK (YALOVA) [South East  3.0 km]
18;2.02E+13;30.11.2018;02:36:34.63;40.5985;28.9668;12.1;4.3;0;4.3;4;0;0;Ke;ESENKOY-CINARCIK (YALOVA) [South East  2.7 km]
19;2.02E+13;3.05.2018;02:04:33.41;39.9797;26.9243;12.7;4.5;0;4.5;4.2;0;0;Ke;TEPEKOY-CAN (CANAKKALE) [West 0.3 km]
20;2.02E+13;31.12.2017;20:12:02.32;40.5658;27.867;12.6;4.1;0;4.1;3.8;0;0;Ke;ERDEK ACIKLARI-BALIKESIR (MARMARA DENIZI)
21;2.02E+13;22.07.2017;22:12:32.21;40.0182;27.1407;13.2;4.3;0;4.3;3.9;0;0;Ke;YAYKIN-CAN (CANAKKALE) [North East  1.0 km]
22;2.02E+13;8.03.2017;20:09:58.28;39.9755;27.66;7.5;4;0;4;3.8;0;0;Ke;CATAK-GONEN (BALIKESIR) [North West  1.7 km]
23;2.02E+13;24.10.2016;21:04:47.04;39.7947;28.6662;8;4.1;0;4.1;3.9;0;0;Ke;HACIAHMET-MUSTAFAKEMALPASA (BURSA) [North West  2.3 km]
24;2.02E+13;17.07.2016;08:55:41.35;40.7032;29.166;11.4;4.1;0;3.9;4.1;0;0;Ke;KORU-CINARCIK (YALOVA) [North 5.5 km]
25;2.02E+13;25.06.2016;05:40:11.91;40.7068;29.2122;9.3;4.5;0;4.5;4.4;0;0;Ke;YALOVA ACIKLARI (MARMARA DENIZI)
26;2.02E+13;7.06.2016;04:09:45.65;40.2652;29.1523;15.8;4.6;0;4.6;4.3;0;0;Ke;KAZIKLI-GURSU (BURSA) [  1 km]
27;2.02E+13;16.11.2015;15:45:43.48;40.8315;28.7535;12.6;4.2;0;4.2;3.9;0;0;Ke;MARMARA DENIZI
28;2.02E+13;28.10.2015;16:20:02.02;40.822;27.7642;14.3;4.5;0;4.5;4.3;0;0;Ke;MARMARA DENIZI
29;2.02E+13;26.10.2015;20:07:59.75;39.7903;26.2667;6.7;4.6;0;4.3;4.6;0;0;Ke;GOKCEBAYIR-EZINE (CANAKKALE) [  .98 km]
30;2.02E+13;24.07.2015;06:54:10.07;40.2513;26.3053;10.7;4.6;0;4.6;4.2;0;0;Ke;KOCADERE-ECEABAT (CANAKKALE) [North West  2.9 km]
31;2.02E+13;24.07.2015;02:39:42.40;40.2435;26.2873;11.9;4.9;0;4.9;4.8;0;0;Ke;KOCADERE-ECEABAT (CANAKKALE) [North West  3.6 km]
32;2.02E+13;24.07.2015;01:26:00.68;40.2427;26.3025;11.2;4.5;0;4.5;4.1;0;0;Ke;KOCADERE-ECEABAT (CANAKKALE) [North West  2.4 km]
33;2.02E+13;2.02.2015;04:41:03.63;40.3413;26.0612;13.1;4.1;0;4.1;4.1;0;0;Ke;SAROS KORFEZI (EGE DENIZI)
34;2.02E+13;23.01.2015;10:19:42.12;40.0657;28.5903;5;4.5;0;4.5;4.2;0;0;Ke;UGURLUPINAR-MUSTAFAKEMALPASA (BURSA) [  .93 km]
35;2.01E+13;16.12.2014;09:02:13.53;40.1498;27.0835;12.9;4.4;0;4.4;4.3;0;0;Ke;CELTIK-BIGA (CANAKKALE) [South West  1.5 km]
36;2.01E+13;22.10.2014;17:11:05.60;40.4065;30.1147;7.5;4.5;0;4.5;4.5;0;0;Ke;TASOLUK-GEYVE (SAKARYA) [South West  3.4 km]
37;2.01E+13;3.08.2014;22:22:44.35;40.6075;29.1652;11.5;4.1;0;4.1;3.8;0;0;Ke;TERMAL (YALOVA) [North West  0.8 km]
38;2.01E+13;16.07.2014;11:59:28.68;40.258;26.2477;12.3;4.2;0;4.2;3.9;0;0;Ke;KOCADERE-ECEABAT (CANAKKALE) [North West  7.3 km]
39;2.01E+13;9.07.2014;23:45:01.98;40.4298;26.2558;15;4.3;0;4.3;4;0;0;Ke;SAROS KORFEZI (EGE DENIZI)
40;2.01E+13;3.07.2014;05:04:46.10;40.2088;27.9333;11.8;4.5;0;4.5;4.3;0;0;Ke;KUS GOLU
41;2.01E+13;28.05.2014;03:59:51.20;40.4218;26.1343;13.2;4.5;0;4.5;4.3;0;0;Ke;SAROS KORFEZI (EGE DENIZI)
42;2.01E+13;25.05.2014;11:47:55.47;40.4123;26.0925;6.8;4.5;0;4.5;4.5;0;0;Ke;SAROS KORFEZI (EGE DENIZI)
43;2.01E+13;25.05.2014;11:38:38.93;40.4208;26.1515;13;4.9;0;4.8;4.9;0;0;Ke;SAROS KORFEZI (EGE DENIZI)
44;2.01E+13;24.05.2014;23:00:35.81;40.4067;25.9313;12;4.3;0;4.3;4.1;0;0;Ke;SAROS KORFEZI (EGE DENIZI)
45;2.01E+13;24.05.2014;14:49:14.92;40.3997;25.9523;5.6;4.6;0;4.6;4.6;0;0;Ke;SAROS KORFEZI (EGE DENIZI)
46;2.01E+13;24.05.2014;10:35:01.53;40.4278;26.1382;4.9;4.2;0;4.1;4.2;0;0;Ke;SAROS KORFEZI (EGE DENIZI)
47;2.01E+13;24.05.2014;10:11:40.51;40.395;26.1485;9.4;4.3;0;4.3;4.2;0;0;Ke;SAROS KORFEZI (EGE DENIZI)
48;2.01E+13;24.05.2014;09:34:16.67;40.3377;26.2567;5.4;4.1;0;4.1;;0;0;Ke;SAROS KORFEZI (EGE DENIZI)
49;2.01E+13;24.05.2014;09:33:48.10;40.4208;26.1673;7.6;4;0;4;;0;0;Ke;SAROS KORFEZI (EGE DENIZI)
50;2.01E+13;24.05.2014;09:31:18.10;40.427;26.2398;7.2;5.1;0;4.9;5.1;0;0;Ke;SAROS KORFEZI (EGE DENIZI)
51;2.01E+13;13.01.2014;10:51:26.52;39.7833;26.1328;7.8;4.2;0;4.2;4;0;0;Ke;DALYAN-EZINE (CANAKKALE) [North West  2.7 km]
52;2.01E+13;7.01.2014;19:41:21.54;39.7792;26.1185;7.1;4.1;0;4.1;3.8;0;0;Ke;DALYAN-EZINE (CANAKKALE) [North West  3.4 km]
53;2.01E+13;27.11.2013;04:13:37.52;40.8455;27.9187;10.8;4.7;0;4.7;4.6;0;0;Ke;MARMARA EREGLISI ACIKLARI-TEKIRDAG (MARMARA DENIZI)
54;2.01E+13;29.08.2013;06:20:34.87;40.3478;27.4458;14.8;4.2;0;4.2;4.1;0;0;Ke;GERLENGEC-BIGA (CANAKKALE) [  6.65 km]
55;2.01E+13;17.08.2013;18:16:31.03;40.4103;29.1193;5.5;4.3;0;4.2;4.3;0;0;Ke;ENGURUCUK-GEMLIK (BURSA) [  1.98 km]
56;2.01E+13;6.08.2013;19:18:11.99;39.836;29.7542;7.5;4;0;4;3.9;0;0;Ke;CAMILIYAYLA-BOZUYUK (BILECIK) [  4.24 km]
57;2.01E+13;12.07.2013;00:36:57.47;40.386;25.9683;16.5;4.3;0;4.3;4.2;0;0;Ke;SAROS K�RFEZi (EGE DENiZi)
58;2.01E+13;26.10.2012;03:37:36.17;40.4258;28.7203;8.3;4;0;4;;0;0;Ke;GEMLiK K�RFEZi (MARMARA DENiZi)
59;2.01E+13;25.07.2012;21:28:28.87;40.4325;26.1952;17.3;4.6;0;4.6;;0;0;Ke;SAROS K�RFEZi (EGE DENiZi)
60;2.01E+13;4.07.2012;08:45:28.69;39.9417;27.8422;12.8;4.4;0;4.4;;0;0;Ke;DUZOBA- (BALIKESIR) [North West  3.6 km]
61;2.01E+13;7.06.2012;20:54:25.83;40.854;27.9235;14.9;5.1;0;5.1;;0;0;Ke;MARMARA EREGLISI A�IKLARI-TEKIRDAG (MARMARA DENIZI)
62;2.01E+13;4.05.2012;05:38:13.81;40.3147;27.0005;12;4.3;0;4.3;;0;0;Ke;DISBUDAK-LAPSEKI (�ANAKKALE) [South West  0.2 km]
63;2.01E+13;16.08.2011;17:30:06.68;40.4348;28.8943;5.4;4;0;4;;0;0;Ke;GEMLIK K�RFEZI (MARMARA DENIZI)
64;2.01E+13;25.07.2011;17:57:20.81;40.8112;27.7382;17;5.2;0;5.2;;0;4.9;Ke;MARMARA DENIZI
65;2.01E+13;11.07.2011;16:09:12.61;40.173;29.96;6.5;4.6;0;4.6;;0;4.5;Ke;PELITOZU- (BILECIK) [South West  0.7 km]
66;2.01E+13;30.03.2011;17:07:20.13;40.0483;27.831;7.9;4.3;0;4.3;;0;0;Ke;SULEYMANLI-MANYAS (BALIKESIR) [North West  1.0 km]
67;2.01E+13;9.03.2011;07:04:03.88;40.4318;28.0598;9.4;4;0;4;;0;0;Ke;BANDIRMA K�RFEZI (MARMARA DENIZI)
68;2.01E+13;20.01.2011;02:09:37.04;40.7042;29.7628;11.7;4.1;0;4.1;;0;4.1;Ke;ORCUN-GOLCUK (KOCAELI) [West 2.7 km]
69;2.01E+13;3.10.2010;17:49:03.05;40.8402;28.1248;11.8;4.3;0;4.3;;0;0;Ke;MARMARA DENIZI
70;2.01E+13;15.05.2010;14:08:22.17;41.1985;30.1332;5;4.2;0;4.2;;0;0;Ke;KEFKEN-KANDIRA (KOCAELI) [North West  8.5 km]
71;2.01E+13;1.08.2009;16:42:39.05;40.3678;28.2772;10;4.3;0;4.3;;0;0;Ke;KURSUNLU-KARACABEY (BURSA) [South 3.3 km]
72;2.01E+13;24.01.2009;15:58:38.96;40.7853;27.7643;16.5;4.3;0;4.1;4.3;0;0;Ke;MARMARA DENIZI
73;2.01E+13;5.10.2008;06:04:04.73;40.6307;29.0133;15.3;4.2;0;4.2;;0;0;Ke;SENKOY-CINARCIK (YALOVA) [North East  0.9 km]
74;2.01E+13;11.09.2008;23:12:42.74;39.7658;26.0303;9;4.1;0;4.1;;0;0;Ke;ODUN ISKELE A�IKLARI-�ANAKKALE (EGE DENIZI)
75;2.01E+13;15.07.2008;09:19:49.14;40.3702;27.4412;12.1;4.2;0;4.2;;0;0;Ke;BOZLAR-BIGA (�ANAKKALE) [North East  8.3 km]
76;2.01E+13;10.07.2008;07:49:53.92;40.0073;27.7137;13.6;4.9;0;4.9;;0;0;Ke;COBANHAMIDIYE-GONEN (BALIKESIR) [South 2.0 km]
77;2.01E+13;3.06.2008;06:59:22.05;40.1632;26.9182;9.7;4;0;4;;0;0;Ke;AHMETLER-BIGA (�ANAKKALE) [West 0.4 km]
78;2.01E+13;12.03.2008;18:53:31.31;40.6162;29.0072;10;4.8;0;4.8;;0;0;Ke;SENKOY-CINARCIK (YALOVA) [South East  1.3 km]
79;2.01E+13;29.09.2007;22:35:09.39;39.7577;27.7553;8.2;4;0;4;;0;0;Ke;DELIKLITAS- (BALIKESIR) [North 1.3 km]
80;2.01E+13;1.08.2007;19:03:08.13;40.7868;30.0902;5.2;4;3.8;4;;0;0;Ke;BAYRAKTAR-IZMIT (KOCAELI) [West 0.1 km]
81;2.01E+13;24.10.2006;14:00:20.90;40.4162;28.9878;12.5;5.2;0;5.2;;0;4.6;Ke;GEMLIK K�RFEZI (MARMARA DENIZI)
82;2.01E+13;20.10.2006;18:15:24.19;40.2617;27.985;10.9;5.2;0;5.2;;0;0;Ke;YENISIGIRCI-BANDIRMA (BALIKESIR) [West 2.4 km]
83;2.01E+13;4.11.2005;20:12:08.79;40.679;27.303;13;4.1;4;4.1;;0;0;Ke;HOSKOY-SARKOY (TEKIRDAG) [South West  4.0 km]
84;2.00E+13;29.09.2004;15:42:07.70;40.79;29.02;13;4;4;4;;0;0;Ke;�INARCIK A�IKLARI-YALOVA (MARMARA DENIZI)
85;2.00E+13;13.08.2004;15:13:44.30;40.83;26.43;10;4.2;4;4.2;;0;0;Ke;ALICO PEHLIVAN-IPSALA (EDIRNE) [South West  1.5 km]
86;2.00E+13;27.06.2004;15:31:47.50;40.9;26.08;7;4.5;4.3;4.5;4.3;0;0;Ke;ENEZ (EDIRNE) [North 19.5 km]
87;2.00E+13;16.05.2004;03:30:48.70;40.7;29.33;10;4.3;4.3;4.3;;0;0;Ke;IZMIT K�RFEZI (MARMARA DENIZI)
88;2.00E+13;19.04.2004;15:27:16.50;40.61;27.7;16;4.1;4;4.1;;0;0;Ke;ASMALI-MARMARA (BALIKESIR) [South West  1.1 km]
89;2.00E+13;23.12.2003;13:07:45.30;39.86;29.24;9;4;4;4;;0;0;Ke;KIRAN ISIKLAR-KELES (BURSA) [East 1.0 km]
90;2.00E+13;23.12.2003;12:23:36.90;39.88;29.24;13;4.6;4.4;4.6;;0;0;Ke;ALPAGUT-KELES (BURSA) [East 2.2 km]
91;2.00E+13;31.08.2003;07:50:56.10;40.47;25.92;16;4.1;4;4.1;;0;0;Ke;SAROS K�RFEZI (EGE DENIZI)
92;2.00E+13;13.07.2003;05:09:48.60;40.83;27.48;14;4;4;0;;0;0;Ke;KUMBAG- (TEKIRDAG) [South East  5.0 km]
93;2.00E+13;9.07.2003;22:31:40.70;40.4;25.95;11;4.7;0;4.7;;0;4.7;Ke;SAROS K�RFEZI (EGE DENIZI)
94;2.00E+13;9.07.2003;22:01:57.20;40.38;25.92;9;4;4;4;;0;0;Ke;KALEKOY-GOKCEADA (�ANAKKALE) [North 16.7 km]
95;2.00E+13;6.07.2003;22:42:08.40;40.44;25.93;8;4.4;4.1;0;;0;4.4;Ke;SAROS K�RFEZI (EGE DENIZI)
96;2.00E+13;6.07.2003;22:05:49.10;40.39;26.04;10;4.2;4;0;;0;4.2;Ke;SAROS K�RFEZI (EGE DENIZI)
97;2.00E+13;6.07.2003;20:48:52.90;40.43;26.01;11;4.2;4.2;0;;0;0;Ke;SAROS K�RFEZI (EGE DENIZI)
98;2.00E+13;6.07.2003;20:10:14.20;40.51;26.06;8;5;4.4;0;;5;0;Ke;SAROS K�RFEZI (EGE DENIZI)
99;2.00E+13;6.07.2003;19:10:28.90;40.39;26.19;12;5.7;0;5.6;5.7;0;0;Ke;SAROS K�RFEZI (EGE DENIZI)
100;2.00E+13;5.07.2003;21:58:31.20;40.4;26.19;12;4.1;4;4.1;;0;0;Ke;SAROS K�RFEZI (EGE DENIZI)
101;2.00E+13;9.06.2003;17:44:03.10;40.21;27.94;17;4.9;4.7;4.9;;0;0;Ke;KUS G�L�
102;2.00E+13;20.03.2003;12:25:34.60;39.97;28.74;12;4.3;4.3;0;;0;4.1;Ke;OMERALTI-MUSTAFAKEMALPASA (BURSA) [South West  2.8 km]
103;2.00E+13;5.05.2002;09:22:09.80;40.53;28.32;7;4.1;3.9;4.1;;0;0;Ke;MARMARA DENIZI
104;2.00E+13;23.03.2002;02:36:10.60;40.81;27.84;12;4.8;4.8;4.3;;0;0;Ke;MARMARA DENIZI
105;2.00E+13;28.02.2002;08:37:51.90;40.79;28.17;8;4.1;4.1;0;;0;0;Ke;MARMARA DENIZI
106;2.00E+13;14.03.2001;20:34:20.20;40.85;27.64;8;4;4;0;;0;0;Ke;TEKIRDAG A�IKLARI (MARMARA DENIZI)
107;2.00E+13;16.01.2001;03:33:02.20;40.9;29.07;13;4;4;0;;0;0;Ke;ADALAR (ISTANBUL) [North West  5.7 km]
108;2.00E+13;7.07.2000;00:15:30.70;40.85;29.23;9;4.2;4.2;0;;0;0;Ke;PENDIK (ISTANBUL) [South West  3.0 km]
109;2.00E+13;5.07.2000;23:20:36.10;40.31;26.03;0;4.1;4.1;0;;0;0;Ke;KEMALYERI A�IKLARI-�ANAKKALE (EGE DENIZI)
110;2.00E+13;9.02.2000;16:41:32.30;40.82;30.02;17;4.1;4.1;0;;0;0;Ke;YASSIBAG-IZMIT (KOCAELI) [South 1.9 km]
111;2.00E+13;21.11.1999;13:46:14.60;40.63;26.11;20;4;4;0;;0;0;Ke;SULTANICE-ENEZ (EDIRNE) [West 3.8 km]
112;2.00E+13;20.10.1999;23:08:21.10;40.79;29;10;4.4;4.4;0;;0;0;Ke;�INARCIK A�IKLARI-YALOVA (MARMARA DENIZI)
113;2.00E+13;29.09.1999;00:13:05.70;40.7;29.34;12;4.8;4.8;0;;0;0;Ke;IZMIT K�RFEZI (MARMARA DENIZI)
114;2.00E+13;20.09.1999;21:28:00.00;40.69;27.58;16;5;5;0;;0;0;Ke;MARMARA DENIZI
115;2.00E+13;18.09.1999;00:48:24.40;40.62;29.12;9;4.3;4.3;0;;0;0;Ke;ORTABURUN-CINARCIK (YALOVA) [West 2.5 km]
116;2.00E+13;17.09.1999;19:49:06.20;40.72;30.1;15;4.5;4.5;0;;0;0;Ke;SIRINSULHIYE-KARTEPE (KOCAELI) [North 2.3 km]
117;2.00E+13;13.09.1999;11:55:28.70;40.77;30.1;19;5.8;5.8;0;;0;0;Ke;BAYRAKTAR-IZMIT (KOCAELI) [South East  2.0 km]
118;2.00E+13;9.09.1999;20:21:48.80;40.75;29.95;14;4.1;4.1;0;;0;0;Ke;BASISKELE (KOCAELI) [North West  0.8 km]
119;2.00E+13;9.09.1999;08:12:02.70;40.36;26.08;33;4.5;4.5;0;;0;0;Ke;SAROS K�RFEZI (EGE DENIZI)
120;2.00E+13;9.09.1999;01:32:08.00;40.71;29.14;11;4.6;4.6;0;;0;0;Ke;KORU-CINARCIK (YALOVA) [North West  6.6 km]
121;2.00E+13;6.09.1999;06:33:26.10;40.73;29.79;12;4;4;0;;0;0;Ke;GOLCUK (KOCAELI) [North West  2.9 km]
122;2.00E+13;4.09.1999;10:30:46.40;40.74;30.03;17;4.2;4.2;0;;0;0;Ke;KARTEPE (KOCAELI) [South East  1.6 km]
123;2.00E+13;31.08.1999;22:28:21.10;40.63;29.09;19;4.1;4.1;0;;0;0;Ke;TESVIKIYE-CINARCIK (YALOVA) [North East  1.8 km]
124;2.00E+13;31.08.1999;08:33:23.60;40.78;29.96;10;4.6;4.6;0;;0;0;Ke;IZMIT (KOCAELI) [North East  3.1 km]
125;2.00E+13;31.08.1999;08:10:51.50;40.75;29.92;17;5.2;5.2;0;;0;0;Ke;KOCAELI [South West  0.8 km]
126;2.00E+13;22.08.1999;10:09:47.50;40.66;30.06;1;4;4;0;;0;0;Ke;PAZARCAYIRI-KARTEPE (KOCAELI) [North East  2.4 km]
127;2.00E+13;22.08.1999;08:23:01.90;40.66;29.38;9;4;4;0;;0;0;Ke;TASKOPRU-CIFTLIKKOY (YALOVA) [South West  2.1 km]
128;2.00E+13;22.08.1999;01:47:45.20;40.62;29.08;10;4.3;4.3;0;;0;0;Ke;TESVIKIYE-CINARCIK (YALOVA) [North 0.5 km]
129;2.00E+13;21.08.1999;23:34:13.10;40.68;29.21;23;4;4;0;;0;0;Ke;YALOVA A�IKLARI (MARMARA DENIZI)
130;2.00E+13;21.08.1999;10:01:25.70;40.72;29.96;8;4.1;4.1;0;;0;0;Ke;BASISKELE (KOCAELI) [South 2.8 km]
131;2.00E+13;20.08.1999;20:12:42.50;40.59;29.05;9;4.3;4.3;0;;0;0;Ke;TESVIKIYE-CINARCIK (YALOVA) [South West  3.8 km]
132;2.00E+13;20.08.1999;09:34:46.70;40.62;29.18;17;4.6;4.6;0;;0;0;Ke;AKKOY-TERMAL (YALOVA) [South West  1.3 km]
133;2.00E+13;20.08.1999;09:28:55.70;40.59;29.12;8;4.6;4.6;0;;0;0;Ke;ORTABURUN-CINARCIK (YALOVA) [South West  4.1 km]
134;2.00E+13;20.08.1999;00:03:02.40;40.71;29.79;11;4.3;4.3;0;;0;0;Ke;ORCUN-GOLCUK (KOCAELI) [North West  0.9 km]
135;2.00E+13;19.08.1999;15:48:19.50;40.64;29.15;12;4.3;4.3;0;;0;0;Ke;CALICA-CINARCIK (YALOVA) [North West  0.7 km]
136;2.00E+13;19.08.1999;15:17:44.90;40.59;29.08;11;5;5;0;;0;0;Ke;TESVIKIYE-CINARCIK (YALOVA) [South 2.9 km]
137;2.00E+13;19.08.1999;14:24:34.40;40.61;29.1;14;4;4;0;;0;0;Ke;TESVIKIYE-CINARCIK (YALOVA) [South East  1.9 km]
138;2.00E+13;19.08.1999;14:15:58.40;40.6;29.06;12;4.5;4.5;0;;0;0;Ke;TESVIKIYE-CINARCIK (YALOVA) [South West  2.4 km]
139;2.00E+13;18.08.1999;21:17:38.90;40.86;30.04;1;4;4;0;;0;0;Ke;CUBUKLUBALA-IZMIT (KOCAELI) [South East  1.1 km]
140;2.00E+13;18.08.1999;13:59:34.10;40.79;29.04;9;4;4;0;;0;0;Ke;�INARCIK A�IKLARI-YALOVA (MARMARA DENIZI)
141;2.00E+13;18.08.1999;09:30:57.20;40.65;29.67;5;4;4;0;;0;0;Ke;NUSRETIYE-KARAMURSEL (KOCAELI) [South East  1.8 km]
142;2.00E+13;18.08.1999;00:45:17.10;40.81;29.09;14;4.3;4.3;0;;0;0;Ke;ADALAR (ISTANBUL) [South West  7.9 km]
143;2.00E+13;17.08.1999;20:30:41.20;40.75;29.32;16;4.3;4.3;0;;0;0;Ke;IZMIT K�RFEZI (MARMARA DENIZI)
144;2.00E+13;17.08.1999;18:35:21.90;40.38;28.71;7;4;4;0;;0;0;Ke;YALICIFTLIK-MUDANYA (BURSA) [North West  2.8 km]
145;2.00E+13;17.08.1999;15:17:52.00;40.75;29.75;10;4.1;4.1;0;;0;0;Ke;KORFEZ (KOCAELI) [South East  3.1 km]
146;2.00E+13;17.08.1999;14:32:08.20;40.73;29.39;17;4.4;4.4;0;;0;0;Ke;IZMIT K�RFEZI (MARMARA DENIZI)
147;2.00E+13;17.08.1999;05:54:42.10;40.78;29.05;5;4.3;4.3;0;;0;0;Ke;�INARCIK A�IKLARI-YALOVA (MARMARA DENIZI)
148;2.00E+13;17.08.1999;00:01:37.60;40.76;29.97;18;7.4;7.4;0;;0;0;Ke;BASISKELE (KOCAELI) [North East  2.0 km]
149;2.00E+13;28.12.1997;20:46:33.60;39.9;26.55;0;4;4;0;;0;0;Ke;PALAMUT-BAYRAMIC (�ANAKKALE) [North 3.3 km]
150;2.00E+13;25.10.1997;00:38:41.80;40.49;26.43;10;4.1;4.1;0;;0;0;Ke;SAROS K�RFEZI (EGE DENIZI)
151;2.00E+13;18.10.1997;09:18:53.30;39.81;28.69;17;4;4;0;;0;0;Ke;HACIAHMET-MUSTAFAKEMALPASA (BURSA) [North West  2.6 km]
152;2.00E+13;14.04.1996;08:31:05.60;40.8;27.45;11;4.3;4.3;0;;0;0;Ke;YENIKOY- (TEKIRDAG) [South East  5.0 km]
153;2.00E+13;22.03.1996;15:28:29.60;40.34;25.92;5;4;4;0;;0;0;Ke;KALEKOY-GOKCEADA (�ANAKKALE) [North East  12.3 km]
154;2.00E+13;19.08.1995;19:57:12.20;40.22;29.64;17;4.2;4.2;0;;0;0;Ke;SUBASI-YENISEHIR (BURSA) [South West  1.2 km]
155;2.00E+13;18.04.1995;05:36:03.40;40.8;27.84;13;4.2;4.2;0;;0;0;Ke;MARMARA DENIZI
156;2.00E+13;13.04.1995;04:08:00.60;40.85;27.67;12;4.3;4.3;0;;0;0;Ke;TEKIRDAG A�IKLARI (MARMARA DENIZI)
157;2.00E+13;8.02.1995;21:24:52.70;40.83;27.83;12;4.4;4.4;0;;0;0;Ke;MARMARA DENIZI
158;1.99E+13;28.05.1994;18:01:18.90;40.67;29.85;14;4;4;0;;0;3.9;Ke;HASANEY-GOLCUK (KOCAELI) [North West  0.8 km]
159;1.99E+13;28.03.1994;16:58:59.60;40.35;29.98;9;4;3.9;0;;0;4;Ke;OSMANELI (BILECIK) [South West  3.0 km]
160;1.99E+13;21.02.1994;04:36:20.90;40.22;29.32;6;4;4;0;;0;4;Ke;DUDAKLI-KESTEL (BURSA) [South East  1.3 km]
161;1.99E+13;12.12.1993;17:21:26.20;41.51;28.82;28;4.8;4.5;0;;0;4.8;Ke;OSMANLI A�IKLARI-ISTANBUL (KARADENIZ)
162;1.99E+13;21.05.1993;09:01:17.70;39.77;28.95;15;4.2;4.2;0;;0;3.8;Ke;BALABAN-BUYUKORHAN (BURSA) [East 0.4 km]
163;1.99E+13;18.03.1993;07:51:38.10;40.42;27.98;10;4.3;4.2;0;;0;4.3;Ke;BANDIRMA K�RFEZI (MARMARA DENIZI)
164;1.99E+13;18.03.1993;07:19:39.50;40.38;27.98;14;4.2;4.2;0;;0;4;Ke;BANDIRMA K�RFEZI (MARMARA DENIZI)
165;1.99E+13;5.04.1992;00:48:02.40;40.85;27.9;26;4;0;0;;0;4;Ke;MARMARA EREGLISI A�IKLARI-TEKIRDAG (MARMARA DENIZI)
166;1.99E+13;22.03.1992;16:52:25.00;40.2;28.35;24;4.9;4.6;0;;0;4.9;Ke;KARACABEY (BURSA) [South West  1.9 km]
167;1.99E+13;28.05.1991;18:26:48.60;40.53;26.42;8;4.3;0;4.3;;0;4.1;Ke;SAROS K�RFEZI (EGE DENIZI)
168;1.99E+13;8.03.1991;09:23:13.00;40.85;27.91;11;4.5;0;4;;0;4.5;Ke;MARMARA EREGLISI A�IKLARI-TEKIRDAG (MARMARA DENIZI)
169;1.99E+13;3.03.1991;08:39:25.50;40.63;29;10;4.6;0;0;;0;4.6;Ke;SENKOY-CINARCIK (YALOVA) [North West  0.4 km]
170;1.99E+13;12.02.1991;09:54:58.90;40.8;28.82;10;5;0;5;;4.8;4.8;Ke;MARMARA DENIZI
171;1.99E+13;7.01.1991;05:15:14.50;40.69;28.56;8;4;4;0;;0;0;Ke;MARMARA DENIZI
172;1.99E+13;24.10.1990;11:16:44.30;39.84;30.23;18;4.3;0;0;;0;4.3;Ke;OKLUBALI-INONU (ESKISEHIR) [North West  3.1 km]
173;1.99E+13;10.06.1990;11:36:43.50;41.31;29.35;6;4;0;0;;0;4;Ke;SOFULAR A�IKLARI-ISTANBUL (KARADENIZ)
174;1.99E+13;24.05.1990;05:49:06.40;39.98;27.48;28;4.3;0;4.3;;0;4.2;Ke;YALIOBA-YENICE (�ANAKKALE) [North East  0.9 km]
175;1.99E+13;27.01.1989;09:48:35.70;40.43;29.15;11;4.1;0;0;;0;4.1;Ke;GEMLIK (BURSA) [South West  0.5 km]
176;1.99E+13;24.04.1988;20:49:33.30;40.88;28.24;11;5.1;0;4.9;;5.1;5;Ke;MARMARA DENIZI
177;1.99E+13;14.01.1988;18:35:54.80;39.96;29.16;8;4.2;0;0;;0;4.2;Ke;DELICE-KELES (BURSA) [South West  1.5 km]
178;1.99E+13;1.01.1988;12:21:51.10;40.14;29.23;6;4.5;0;0;;0;4.5;Ke;SAITABAT-KESTEL (BURSA) [South West  1.2 km]
179;1.99E+13;27.10.1987;03:15:30.60;40.42;28.46;18;4.7;0;4.7;;0;4.4;Ke;BOGAZ-KARACABEY (BURSA) [North East  6.6 km]
180;1.99E+13;3.09.1987;16:24:53.20;40.46;29.24;8;4;0;0;;0;4;Ke;SAHINYURDU-GEMLIK (BURSA) [South East  2.2 km]
181;1.99E+13;24.04.1987;16:34:30.00;40.5;25.97;5;4;0;4;;0;0;Ke;SAROS K�RFEZI (EGE DENIZI)
182;1.99E+13;26.10.1986;04:49:29.90;40.8;28.99;10;4.6;0;4.6;;0;3.9;Ke;MARMARA DENIZI
183;1.99E+13;12.09.1986;10:34:50.50;40.25;27.32;5;4.1;0;4.1;;0;3.6;Ke;BAHCELI-BIGA (�ANAKKALE) [North East  0.6 km]
184;1.99E+13;27.06.1986;18:33:36.70;40.89;28.35;5;4.1;0;0;;0;4.1;Ke;MARMARA DENIZI
185;1.99E+13;1.02.1986;02:56:55.60;40.79;27.58;22;4.2;0;4.2;;0;3.7;Ke;YENIK�Y A�IKLARI-TEKIRDAG (MARMARA DENIZI)
186;1.99E+13;19.12.1985;14:34:56.50;40.2;27.26;12;4.1;0;4.1;;0;3.9;Ke;ABDIAGA-BIGA (�ANAKKALE) [South East  0.9 km]
187;1.99E+13;4.10.1985;22:48:30.40;40.13;29.29;10;4.5;0;4.5;;0;3.8;Ke;ALACAM-KESTEL (BURSA) [North West  0.4 km]
188;1.99E+13;27.04.1985;12:33:06.90;40.74;27.38;9;4.6;0;4.6;;0;4.4;Ke;GAZIKOY-SARKOY (TEKIRDAG) [East 4.2 km]
189;1.99E+13;11.04.1985;13:11:45.70;40.7;29.01;6;4.2;0;0;;0;4.2;Ke;�INARCIK A�IKLARI-YALOVA (MARMARA DENIZI)
190;1.98E+13;14.11.1984;14:24:24.90;40.33;27.23;6;4.1;0;0;;0;4.1;Ke;TOKATKIRI-BIGA (�ANAKKALE) [South East  1.7 km]
191;1.98E+13;27.08.1984;06:32:14.10;40.74;30;27;4;0;4;;0;3.9;Ke;KARTEPE (KOCAELI) [South West  2.5 km]
192;1.98E+13;29.07.1984;22:22:25.90;40.39;25.99;25;4.3;0;4.3;;0;4.2;Ke;SAROS K�RFEZI (EGE DENIZI)
193;1.98E+13;30.01.1984;05:58:25.80;40.5;27.49;10;4.5;0;0;;0;4.5;Ke;AVSA-MARMARA (BALIKESIR) [South West  1.5 km]
194;1.98E+13;30.12.1983;04:40:50.80;40.1;29.41;7;4;0;0;;0;4;Ke;YENICEKOY-INEGOL (BURSA) [North West  1.6 km]
195;1.98E+13;15.11.1983;10:59:11.80;40.12;29.28;7;4.4;0;0;;0;4.4;Ke;ALACAM-KESTEL (BURSA) [South West  1.2 km]
196;1.98E+13;3.11.1983;18:46:17.80;40.16;29.28;14;4;0;0;;0;4;Ke;GOZEDE-KESTEL (BURSA) [North West  0.7 km]
197;1.98E+13;2.11.1983;22:53:08.80;40.1;29.36;4;4.6;0;0;;0;4.6;Ke;ESENKOY-INEGOL (BURSA) [North West  1.3 km]
198;1.98E+13;27.10.1983;08:40:10.00;40.16;29.3;18;4.3;0;0;;0;4.3;Ke;GOZEDE-KESTEL (BURSA) [North East  1.4 km]
199;1.98E+13;21.10.1983;20:34:49.30;40.14;29.35;12;4.9;0;0;;4.9;4.9;Ke;SEVKETIYE-KESTEL (BURSA) [North East  1.4 km]
200;1.98E+13;8.07.1983;02:55:01.10;40.23;27.18;17;4.2;0;4.2;;3.3;3.8;Ke;ISKENDERKOY-BIGA (�ANAKKALE) [South East  0.6 km]
201;1.98E+13;5.07.1983;17:30:43.10;40.26;27.16;4;4.1;0;0;;0;4.1;Ke;AGAKOY-BIGA (�ANAKKALE) [South East  1.3 km]
202;1.98E+13;5.07.1983;12:01:27.00;40.33;27.21;7;5.9;0;5.9;;5.8;5.5;Ke;TOKATKIRI-BIGA (�ANAKKALE) [South West  1.0 km]
203;1.98E+13;28.05.1983;02:40:15.20;40.02;26.89;9;4.4;0;0;;0;4.4;Ke;KOYUNYERI-CAN (�ANAKKALE) [South 1.2 km]
204;1.98E+13;1.02.1983;13:54:11.20;40.2;28.94;3;4.9;0;0;;4.9;4.8;Ke;NILUFER (BURSA) [South West  3.5 km]
205;1.98E+13;9.09.1982;05:47:10.80;40.98;27.87;10;4.4;0;4.4;;0;4.4;Ke;YENICIFTLIK-MARMARAEREGLISI (TEKIRDAG) [South East  3.9 km]
206;1.98E+13;27.07.1982;10:23:14.60;40.38;28.95;11;4.6;0;4.6;;0;4.3;Ke;ALTINTAS-MUDANYA (BURSA) [North West  3.4 km]
207;1.98E+13;12.07.1982;14:46:14.00;41;27.83;25;4.6;0;4.3;;0;4.6;Ke;YENICIFTLIK-MARMARAEREGLISI (TEKIRDAG) [South West  2.2 km]
208;1.98E+13;9.06.1982;04:13:36.60;40.14;28.89;10;4.8;0;4.8;;0;4.4;Ke;ATLAS-NILUFER (BURSA) [North 2.0 km]
209;1.98E+13;23.05.1982;16:23:07.00;40.45;29.04;4;4.2;0;4.2;;0;3.2;Ke;GEMLIK K�RFEZI (MARMARA DENIZI)
210;1.98E+13;20.05.1982;02:42:48.90;40.4;28.98;10;4.5;0;4.5;;0;3.9;Ke;GEMLIK K�RFEZI (MARMARA DENIZI)
211;1.98E+13;16.04.1982;08:01:29.30;40.79;29.84;0;4;0;0;;0;4;Ke;AKPINAR-IZMIT (KOCAELI) [West 3.7 km]
212;1.98E+13;6.01.1982;02:07:56.30;40.16;27.64;4;4;0;4;;0;3.5;Ke;GUNDOGAN-GONEN (BALIKESIR) [South East  1.3 km]
213;1.98E+13;30.12.1981;09:39:08.20;40.12;28.62;3;4;0;4;;0;3.6;Ke;ONAC-MUSTAFAKEMALPASA (BURSA) [North East  2.3 km]
214;1.98E+13;26.12.1981;17:53:35.00;40.15;28.74;0;4.9;0;4.8;;0;4.9;Ke;FADILLI-NILUFER (BURSA) [East 2.6 km]
215;1.98E+13;28.08.1981;07:17:08.90;40.47;29.21;10;4.3;0;4.3;;0;3.8;Ke;SAHINYURDU-GEMLIK (BURSA) [North West  0.6 km]
216;1.98E+13;28.07.1981;07:17:08.90;40.47;29.21;10;4.3;0;4.3;;0;3.8;Ke;SAHINYURDU-GEMLIK (BURSA) [North West  0.6 km]
217;1.98E+13;22.07.1981;22:02:45.90;40.27;28.9;2;4.5;0;4.5;;0;4;Ke;DOGANKOY-NILUFER (BURSA) [North West  2.7 km]
218;1.98E+13;21.07.1981;09:43:37.20;40.23;28.86;1;4.6;0;4.6;;0;4.1;Ke;YOLCATI-NILUFER (BURSA) [South West  3.3 km]
219;1.98E+13;3.05.1981;20:41:12.20;40.79;28.09;24;4.4;0;4.4;;0;4;Ke;MARMARA DENIZI
220;1.98E+13;12.03.1981;04:06:00.60;40.8;28.09;12;4.7;0;4.7;;0;4.7;Ke;MARMARA DENIZI
221;1.98E+13;20.02.1980;22:55:23.50;40.42;26.04;10;4.2;0;3.8;;0;4.2;Ke;SAROS K�RFEZI (EGE DENIZI)
222;1.98E+13;15.02.1980;19:21:56.30;40.38;25.95;10;4.5;0;4.2;;0;4.5;Ke;KALEKOY-GOKCEADA (�ANAKKALE) [North East  17.2 km]
223;1.98E+13;8.10.1979;03:54:52.20;40.84;27.73;2;4;0;0;;0;4;Ke;MARMARA DENIZI
224;1.98E+13;11.01.1979;20:50:39.10;40.3;29.26;0;4.3;0;0;;0;4.3;Ke;ERICEK-GURSU (BURSA) [South West  2.2 km]
225;1.98E+13;15.06.1978;00:26:45.00;40.79;27.68;28;4.6;0;4.4;;0;4.6;Ke;MARMARA DENIZI
226;1.98E+13;11.05.1978;16:35:41.00;40.2;29.6;10;4.3;0;0;;0;4.3;Ke;KARACAAHMET-YENISEHIR (BURSA) [North East  2.1 km]
227;1.98E+13;13.02.1978;05:31:24.50;40.14;28.74;10;4.2;0;4.2;;0;0;Ke;UNCUKURU-NILUFER (BURSA) [North East  2.5 km]
228;1.98E+13;16.01.1978;08:50:22.20;40.33;29.13;10;4.2;0;0;;0;4.2;Ke;SELCUKGAZI-OSMANGAZI (BURSA) [North East  0.7 km]
229;1.98E+13;7.01.1978;14:55:15.10;39.78;28.68;10;4;0;0;;0;4;Ke;HACIAHMET-MUSTAFAKEMALPASA (BURSA) [South West  1.6 km]
230;1.98E+13;18.05.1977;17:24:41.20;40.41;26.44;9;4.1;0;3.7;;0;4.1;Ke;TAYFURKOY-GELIBOLU (�ANAKKALE) [North West  3.3 km]
231;1.98E+13;29.05.1976;22:42:08.70;40.36;28.89;6;4.4;0;4.4;;0;4;Ke;ISIKLI-MUDANYA (BURSA) [North East  1.9 km]
232;1.98E+13;2.02.1976;13:37:52.80;40.39;26.26;10;4;0;4;;0;3.9;Ke;SAROS K�RFEZI (EGE DENIZI)
233;1.98E+13;18.11.1975;04:54:28.30;40.26;27.29;7;4.1;0;4.1;;0;0;Ke;IDRISKORU-BIGA (�ANAKKALE) [North East  1.9 km]
234;1.98E+13;18.08.1975;03:19:52.50;40.26;26.06;46;4.3;0;4.3;;0;3.6;Ke;KEMALYERI A�IKLARI-�ANAKKALE (EGE DENIZI)
235;1.98E+13;7.05.1975;17:59:17.50;40.47;26.5;44;4;0;4;;0;0;Ke;SAROS K�RFEZI (EGE DENIZI)
236;1.98E+13;22.04.1975;05:03:31.00;40.28;26.2;36;4;0;3.8;;0;4;Ke;SAROS K�RFEZI (EGE DENIZI)
237;1.98E+13;18.04.1975;16:43:23.40;40.35;27.28;5;4;0;4;;0;3.4;Ke;CINARKOPRU-BIGA (�ANAKKALE) [North East  4.6 km]
238;1.98E+13;30.03.1975;13:03:17.60;40.57;26.36;0;4.5;0;4.1;;0;4.5;Ke;SAROS K�RFEZI (EGE DENIZI)
239;1.98E+13;30.03.1975;02:08:08.20;40.33;26.23;0;4;0;4;;0;3.7;Ke;SAROS K�RFEZI (EGE DENIZI)
240;1.98E+13;29.03.1975;02:06:05.00;40.42;26;33;5.3;0;0;;0;5.3;Ke;SAROS K�RFEZI (EGE DENIZI)
241;1.98E+13;28.03.1975;08:32:52.90;40.29;26.31;0;4;0;4;;0;0;Ke;BUYUKANAFARTA-ECEABAT (�ANAKKALE) [North West  1.8 km]
242;1.98E+13;27.03.1975;21:16:04.70;40.42;26.24;0;4;0;4;;0;0;Ke;SAROS K�RFEZI (EGE DENIZI)
243;1.98E+13;27.03.1975;19:42:42.50;40.48;26.08;5;4.5;0;4.5;;0;4.5;Ke;SAROS K�RFEZI (EGE DENIZI)
244;1.98E+13;27.03.1975;07:51:21.40;40.32;26.27;0;4;0;4;;0;0;Ke;KUCUKANAFARTA-ECEABAT (�ANAKKALE) [North West  4.7 km]
245;1.98E+13;27.03.1975;06:43:57.40;40.51;26.5;56;4;0;4;;0;0;Ke;SAROS K�RFEZI (EGE DENIZI)
246;1.98E+13;27.03.1975;06:15:46.00;40.41;26.23;22;4.7;0;4.5;;0;4.7;Ke;SAROS K�RFEZI (EGE DENIZI)
247;1.98E+13;27.03.1975;05:23:31.10;40.19;26.01;0;4.1;0;0;;0;4.1;Ke;ESELEK-GOKCEADA (�ANAKKALE) [North East  7.2 km]
248;1.98E+13;27.03.1975;05:15:07.90;40.45;26.12;15;6.7;0;5.7;;6.7;5.5;Ke;SAROS K�RFEZI (EGE DENIZI)
249;1.98E+13;19.03.1975;09:26:23.40;40.31;26.01;0;4;0;4;;0;0;Ke;KEMALYERI A�IKLARI-�ANAKKALE (EGE DENIZI)
250;1.98E+13;17.03.1975;05:35:17.60;40.48;26.08;18;5.9;0;5.2;;5.9;5;Ke;SAROS K�RFEZI (EGE DENIZI)
251;1.98E+13;17.03.1975;05:17:47.10;40.4;26.24;5;5;0;5;;0;4.8;Ke;SAROS K�RFEZI (EGE DENIZI)
252;1.98E+13;17.03.1975;05:11:16.50;40.48;25.95;22;5.5;0;4.8;;5.5;4.9;Ke;SAROS K�RFEZI (EGE DENIZI)
253;1.98E+13;17.03.1975;02:06:39.10;40.48;26.03;2;4.5;0;4.2;;0;4.5;Ke;SAROS K�RFEZI (EGE DENIZI)
254;1.98E+13;16.03.1975;08:37:16.30;40.36;26.14;5;4.4;0;4.4;;0;4.3;Ke;SAROS K�RFEZI (EGE DENIZI)
255;1.98E+13;30.01.1975;16:26:18.60;39.87;28.64;0;4.3;0;4.3;;0;0;Ke;KARAKOY-MUSTAFAKEMALPASA (BURSA) [North West  2.5 km]
256;1.98E+13;30.01.1975;04:51:25.10;39.82;28.6;0;4.1;0;4.1;;0;0;Ke;ALPAGUT-MUSTAFAKEMALPASA (BURSA) [South East  4.7 km]
257;1.97E+13;13.09.1974;12:10:02.70;40.79;28.29;8;4.3;4.1;4;4.3;3.9;4.2;Ke;MARMARA DENIZI
258;1.97E+13;18.01.1974;10:57:14.30;40.5;28.94;18;4.2;3.9;4.2;4.1;3.6;4;Ke;HAYRIYE-ARMUTLU (YALOVA) [West 2.3 km]
259;1.97E+13;22.11.1973;14:54:53.00;40.36;29.88;8;4.4;4.1;4.4;4.3;3.9;4.2;Ke;CIFTLIK-OSMANELI (BILECIK) [South East  2.1 km]
260;1.97E+13;3.07.1973;16:06:14.80;40.62;27.54;6;4.3;4.1;4.1;4.3;3.9;4.2;Ke;MARMARA (BALIKESIR) [North West  3.9 km]
261;1.97E+13;27.06.1973;11:50:23.00;40.72;27.49;5;4.4;4.2;4.2;4.4;4;4.3;Ke;G�ZELK�Y A�IKLARI-TEKIRDAG (MARMARA DENIZI)
262;1.97E+13;11.06.1973;00:29:33.30;40.31;29.3;26;4.2;4.2;0;;0;0;Ke;ERICEK-GURSU (BURSA) [South East  3.2 km]
263;1.97E+13;11.02.1973;12:57:38.60;40.42;28.33;5;4;4;0;;0;0;Ke;KURSUNLU-KARACABEY (BURSA) [North East  5.0 km]
264;1.97E+13;10.11.1972;07:40:41.30;40.41;28.73;5;4.3;4.3;0;;0;0;Ke;ZEYTINBAGI-MUDANYA (BURSA) [North West  5.9 km]
265;1.97E+13;23.09.1972;03:32:49.10;39.78;28.57;5;4.3;4.3;0;;0;0;Ke;SARIMUSTAFALAR-MUSTAFAKEMALPASA (BURSA) [North 0.7 km]
266;1.97E+13;21.06.1972;05:06:16.20;40.26;30.04;33;4.2;4;4;4.2;3.7;4.1;Ke;VEZIRHAN- (BILECIK) [North East  2.1 km]
267;1.97E+13;28.02.1972;02:04:35.20;40.4;29;6;4.4;0;4.4;4.2;3.7;4.1;Ke;GEMLIK K�RFEZI (MARMARA DENIZI)
268;1.97E+13;23.05.1971;14:03:18.90;39.96;28.72;3;4.6;4.4;4.1;4.6;4.3;4.5;Ke;OMERALTI-MUSTAFAKEMALPASA (BURSA) [South West  4.8 km]
269;1.97E+13;1.05.1971;13:45:27.40;40.95;27.99;13;4.9;0;4.9;4.7;4.4;4.6;Ke;MARMARAEREGLISI (TEKIRDAG) [South East  3.7 km]
270;1.97E+13;31.10.1970;04:36:11.40;39.92;26.16;10;4.1;3.9;4;4.1;3.6;4;Ke;YENIKOY-EZINE (�ANAKKALE) [South West  1.5 km]
271;1.97E+13;26.09.1970;01:48:45.00;41.8;26.6;85;4.5;4.4;4.4;4.5;4.3;4.4;Ke;MURATCALI- (EDIRNE) [South West  1.4 km]
272;1.97E+13;6.09.1970;17:39:10.00;40.2;28.5;10;4.1;4.1;4;4.1;3.6;4;Ke;GOLKIYI-KARACABEY (BURSA) [South 2.5 km]
273;1.97E+13;26.04.1970;13:23:01.40;39.9;28.9;5;4.1;4.1;0;;0;0;Ke;YESILLER-ORHANELI (BURSA) [North East  2.5 km]
274;1.97E+13;24.12.1969;08:41:32.00;40.5;28.4;10;4.7;4.6;4.3;4.7;4.5;4.6;Ke;BAYRAMDERE A�IKLARI-BURSA (MARMARA DENIZI)
275;1.97E+13;9.08.1969;00:42:25.80;40.53;25.97;5;4;4;0;;0;0;Ke;SAROS K�RFEZI (EGE DENIZI)
276;1.97E+13;5.03.1969;14:41:16.40;40.06;27.56;33;4.8;4.6;4.7;4.8;4.6;4.7;Ke;KUMKOY-GONEN (BALIKESIR) [North East  0.9 km]
277;1.97E+13;3.03.1969;00:59:10.50;40.08;27.5;6;5.8;5.4;0;5.8;5.8;5.6;Ke;ALACAOLUK-GONEN (BALIKESIR) [South West  2.6 km]
278;1.97E+13;9.11.1968;12:38:58.00;40.15;28.35;24;4.5;4.3;4.3;4.5;4.2;4.2;Ke;YOLAGZI-KARACABEY (BURSA) [North East  4.1 km]
279;1.97E+13;28.09.1968;00:53:28.00;40.49;26.38;28;4.7;4.5;4.7;4.7;4.4;4.4;Ke;SAROS K�RFEZI (EGE DENIZI)
280;1.97E+13;9.05.1968;04:19:37.90;40.07;29.26;10;4.3;4.2;4.1;4.3;4;4.2;Ke;ALACAM-KESTEL (BURSA) [South West  6.8 km]
281;1.97E+13;6.05.1968;09:38:47.00;40.33;28.63;4;4.6;4.4;4.5;4.6;4.3;4.3;Ke;EMIRLERYENICESI-MUDANYA (BURSA) [North East  1.5 km]
282;1.97E+13;18.08.1967;19:49:23.00;41.2;30.1;10;4.3;4.2;4.1;4.3;4;4.2;Ke;CALKOY-KANDIRA (KOCAELI) [North 10.1 km]
283;1.97E+13;6.08.1967;14:09:33.00;41;28.8;10;4.5;4.4;4.4;4.5;4.3;4.4;Ke;KUCUKCEKMECE (ISTANBUL) [South East  0.4 km]
284;1.97E+13;2.08.1967;02:29:07.00;40.7;27.2;10;4.3;4.2;4.1;4.3;4;4.2;Ke;YAYAKOY-SARKOY (TEKIRDAG) [South 1.6 km]
285;1.97E+13;31.07.1967;07:12:05.00;40.6;27.62;4;4.5;4.3;4.3;4.5;4.2;4.2;Ke;MARMARA DENIZI
286;1.97E+13;23.07.1967;09:39:28.60;40.98;30;33;4.4;4.2;4.2;4.4;4;4.3;Ke;DELIVELI-KANDIRA (KOCAELI) [North West  0.4 km]
287;1.97E+13;1.06.1967;11:31:36.30;40.93;28.9;10;4.3;4.2;4.1;4.3;4;4.2;Ke;BAKIRKOY (ISTANBUL) [South East  5.9 km]
288;1.97E+13;4.04.1967;03:47:17.00;40.32;26.2;32;4.7;4.6;4.6;4.7;4.5;4.4;Ke;SAROS K�RFEZI (EGE DENIZI)
289;1.97E+13;12.02.1967;23:23:55.00;40.14;28.1;36;4.3;4.2;4.1;4.3;4;4.2;Ke;AKSAKAL-BANDIRMA (BALIKESIR) [South West  1.0 km]
290;1.97E+13;21.08.1966;01:30:43.50;40.33;27.4;12;5.1;4.9;4.9;5.1;4.9;4.8;Ke;BOZLAR-BIGA (�ANAKKALE) [North East  2.6 km]
291;1.97E+13;9.09.1965;00:03:04.20;40.2;26.2;10;4.6;4.5;4.5;4.6;4.4;4.5;Ke;KEMALYERI A�IKLARI-�ANAKKALE (EGE DENIZI)
292;1.97E+13;8.09.1965;04:26:03.50;40.2;26.2;10;4.4;4.3;4.2;4.4;4.1;4.3;Ke;KEMALYERI A�IKLARI-�ANAKKALE (EGE DENIZI)
293;1.97E+13;24.08.1965;23:57:35.40;40.39;26.2;18;4.5;4.4;4.4;4.5;4.2;4.4;Ke;SAROS K�RFEZI (EGE DENIZI)
294;1.97E+13;23.08.1965;23:43:52.00;40.2;26.2;10;4.7;4.6;4.6;4.7;4.5;4.6;Ke;KEMALYERI A�IKLARI-�ANAKKALE (EGE DENIZI)
295;1.97E+13;23.08.1965;14:08:58.60;40.51;26.17;33;5.6;5.4;5.4;5.5;5.6;5.2;Ke;SAROS K�RFEZI (EGE DENIZI)
296;1.96E+13;21.12.1964;00:50:01.00;40.5;27.5;10;4.7;4.5;4.5;4.7;4.4;4.6;Ke;AVSA-MARMARA (BALIKESIR) [South 1.2 km]
297;1.96E+13;15.12.1964;21:03:15.70;40.02;28.79;26;4.8;4.6;4.6;4.8;4.5;4.7;Ke;CINARCIK-ORHANELI (BURSA) [South 2.6 km]
298;1.96E+13;20.11.1964;06:59:18.70;40.2;28.06;56;4.5;4.3;4.2;4.5;4.1;4.4;Ke;KUSCENNETI-BANDIRMA (BALIKESIR) [South 3.6 km]
299;1.96E+13;20.10.1964;08:47:56.00;40;28.6;10;5.1;4.8;4.9;5.1;4.8;4.9;Ke;ISIKLAR-MUSTAFAKEMALPASA (BURSA) [North East  0.3 km]
300;1.96E+13;19.10.1964;14:06:50.00;40.5;29;10;4.2;4.2;4.1;4.2;4;4.2;Ke;SELIMIYE-ARMUTLU (YALOVA) [South East  2.5 km]
301;1.96E+13;7.10.1964;23:07:05.30;40.19;28.36;31;4.5;4.3;4.3;4.5;4.2;4.4;Ke;KARACABEY (BURSA) [South 2.9 km]
302;1.96E+13;6.10.1964;14:31:23.00;40.3;28.23;34;7;0;7;6.2;7;6;Ke;OKCULAR-KARACABEY (BURSA) [North East  1.5 km]
303;1.96E+13;6.10.1964;14:29:57.90;40.24;28.16;23;5.7;5;5.3;5.7;5;5.4;Ke;TOPHISAR-KARACABEY (BURSA) [North 2.2 km]
304;1.96E+13;18.04.1964;21:52:54.00;41.1;29;33;4.3;4.1;4.1;4.3;3.9;4.2;Ke;KAGITHANE (ISTANBUL) [North East  3.2 km]
305;1.96E+13;24.09.1963;02:10:44.40;40.84;28.9;10;4.9;4.8;4.8;4.9;4.8;4.9;Ke;MARMARA DENIZI
306;1.96E+13;18.09.1963;16:58:14.80;40.77;29.12;40;6.3;6;6;6.2;6.3;5.9;Ke;ADALAR (ISTANBUL) [South 11.7 km]
307;1.96E+13;29.03.1963;03:09:17.80;40.29;26.15;50;5.3;5;5;5.3;5.1;5.1;Ke;KEMALYERI A�IKLARI-�ANAKKALE (EGE DENIZI)
308;1.96E+13;19.04.1962;08:22:18.60;40.75;28.84;10;4.6;4.4;4.4;4.6;4.3;4.5;Ke;MARMARA DENIZI
309;1.96E+13;28.11.1961;08:58:46.60;39.99;26.1;80;5.4;5.1;5.1;5.4;5.2;5.1;Ke;�VECIK A�IKLARI-�ANAKKALE (EGE DENIZI)
310;1.96E+13;28.03.1961;00:44:11.80;39.82;30.19;10;5.3;5;4.9;5.3;5;5;Ke;INONU (ESKISEHIR) [East 3.8 km]
311;1.96E+13;9.03.1960;08:35:00.00;40.5;26.5;10;4.4;4.3;4.2;4.4;4.1;4.4;Ke;SAROS K�RFEZI (EGE DENIZI)
312;1.96E+13;6.03.1960;20:37:06.00;41.3;26.5;22;4.4;4.3;4.2;4.4;4.1;4.4;Ke;RAHMANCA-MERIC (EDIRNE) [North East  1.8 km]
313;1.96E+13;6.08.1959;12:08:00.00;40.4;29.2;10;4.4;4.3;4.2;4.4;4.1;4.4;Ke;ADLIYE-GEMLIK (BURSA) [North West  1.3 km]
314;1.96E+13;26.07.1959;17:07:06.20;40.91;27.54;10;5.5;5.3;5.3;5.5;5.4;5.3;Ke;BARBAROS- (TEKIRDAG) [East 6.1 km]
315;1.96E+13;2.04.1959;04:34:28.80;40.5;29.41;20;4.8;4.7;4.6;4.8;4.6;4.7;Ke;UREGIL-ORHANGAZI (BURSA) [South 2.7 km]
316;1.96E+13;26.12.1957;15:01:44.70;40.83;29.72;10;5.4;5.1;5.1;5.4;5.2;5.1;Ke;KALBURCU-KORFEZ (KOCAELI) [South West  1.0 km]
317;1.96E+13;24.10.1957;02:33:14.80;40.06;29.75;10;4.9;4.7;4.7;4.9;4.7;4.8;Ke;NAZIFPASA-PAZARYERI (BILECIK) [North 1.9 km]
318;1.96E+13;30.08.1956;00:15:00.00;41;30.2;5;4.4;4.2;4.2;4.4;4;4.3;Ke;MANCARLAR-KANDIRA (KOCAELI) [South East  0.9 km]
319;1.96E+13;28.08.1956;01:29:51.40;41.08;29.93;80;4.8;4.7;4.6;4.8;4.6;4.7;Ke;AVDAN-KANDIRA (KOCAELI) [North West  1.4 km]
320;1.96E+13;18.07.1956;09:46:52.50;39.96;27.3;60;4.7;4.6;4.6;4.7;4.5;4.6;Ke;CAKIROBA-YENICE (�ANAKKALE) [North East  0.9 km]
321;1.96E+13;23.02.1956;06:04:36.90;39.76;30.17;60;5.4;5.1;5.1;5.4;5.2;5.1;Ke;DUTLUCA-INONU (ESKISEHIR) [North 2.7 km]
322;1.96E+13;6.01.1956;14:52:59.10;41;30.2;10;5.2;4.9;4.9;5.2;4.9;4.9;Ke;MANCARLAR-KANDIRA (KOCAELI) [South East  0.9 km]
323;1.96E+13;6.01.1956;12:15:44.60;40.39;26.29;10;5.6;5.4;5.3;5.6;5.5;5.4;Ke;SAROS K�RFEZI (EGE DENIZI)
324;1.95E+13;26.10.1954;10:34:28.60;40.56;27.52;10;4.8;4.7;4.6;4.8;4.6;4.7;Ke;EKINLIK-MARMARA (BALIKESIR) [North East  3.2 km]
325;1.95E+13;24.10.1954;23:37:19.10;40.46;27.53;10;4.9;4.8;4.8;4.9;4.8;4.9;Ke;AVSA-MARMARA (BALIKESIR) [South East  6.3 km]
326;1.95E+13;23.03.1954;12:58:53.20;40.58;27.12;10;5.3;5;5;5.3;5.1;5.1;Ke;SARKOY (TEKIRDAG) [South 3.9 km]
327;1.95E+13;18.06.1953;05:44:11.80;41.8;26.55;30;5.3;5;5;5.3;5.1;5.1;Ke;YOLUSTU- (EDIRNE) [North West  0.9 km]
328;1.95E+13;3.06.1953;16:05:31.30;40.28;28.53;20;5.5;5.2;5.2;5.5;5.3;5.2;Ke;SUBASI-KARACABEY (BURSA) [North West  1.3 km]
329;1.95E+13;1.04.1953;01:47:38.60;39.97;27.45;20;4.9;4.9;4.9;4.8;4.9;4.9;Ke;KARASU-YENICE (�ANAKKALE) [South East  1.5 km]
330;1.95E+13;31.03.1953;18:24:00.00;40.1;27.3;15;4.7;4.6;4.6;4.7;4.5;4.6;Ke;ASAGIINOVA-YENICE (�ANAKKALE) [North East  2.0 km]
331;1.95E+13;26.03.1953;15:10:30.40;39.94;27.48;10;4.9;4.7;4.7;4.9;4.7;4.8;Ke;KABALI-YENICE (�ANAKKALE) [North East  2.2 km]
332;1.95E+13;24.03.1953;20:20:01.30;40;27.5;12;4.9;4.7;4.7;4.9;4.7;4.8;Ke;ORTAOBA-GONEN (BALIKESIR) [East 1.5 km]
333;1.95E+13;22.03.1953;13:17:01.20;40;27.3;26;4.5;4.3;4.3;4.5;4.2;4.4;Ke;BEKTEN-YENICE (�ANAKKALE) [North East  2.0 km]
334;1.95E+13;19.03.1953;21:13:58.10;39.88;27.35;10;5.3;5;4.9;5.3;5;5;Ke;BASKOZ-YENICE (�ANAKKALE) [North West  0.9 km]
335;1.95E+13;19.03.1953;12:53:04.20;40.1;27.3;48;4.9;4.8;4.8;4.9;4.8;4.9;Ke;ASAGIINOVA-YENICE (�ANAKKALE) [North East  2.0 km]
336;1.95E+13;18.03.1953;23:28:55.00;40;27.4;30;4.7;4.6;4.6;4.7;4.5;4.6;Ke;BALLICAY-YENICE (�ANAKKALE) [North East  0.5 km]
337;1.95E+13;18.03.1953;22:28:00.00;40;27.4;30;4.9;4.8;4.8;4.9;4.8;4.9;Ke;BALLICAY-YENICE (�ANAKKALE) [North East  0.5 km]
338;1.95E+13;18.03.1953;21:18:09.90;39.96;27.59;30;5.5;5.3;5.3;5.5;5.4;5.3;Ke;SOGUTKOY-GONEN (BALIKESIR) [North East  2.8 km]
339;1.95E+13;18.03.1953;20:34:55.50;40.02;27.83;10;4.8;4.7;4.6;4.8;4.6;4.7;Ke;ISIKLAR-MANYAS (BALIKESIR) [North West  1.5 km]
340;1.95E+13;18.03.1953;20:20:03.00;40;27.4;30;5.3;5;4.9;5.3;5;5;Ke;BALLICAY-YENICE (�ANAKKALE) [North East  0.5 km]
341;1.95E+13;18.03.1953;19:06:16.10;39.99;27.36;10;7.2;6.7;6.7;6.8;7.2;6.6;Ke;SOGUCAK-YENICE (�ANAKKALE) [South West  2.3 km]
342;1.95E+13;13.03.1952;06:30:01.80;41.02;28.14;11;5.2;4.9;4.9;5.2;4.9;4.9;Ke;MARMARA DENIZI
343;1.95E+13;13.12.1951;20:46:03.40;40.06;26.2;50;5.2;4.9;4.9;5.2;4.9;4.9;Ke;SEDDULBAHIR-ECEABAT (�ANAKKALE) [North East  2.1 km]
344;1.95E+13;15.09.1951;22:52:12.70;40.15;28.02;40;5.3;5;4.9;5.3;5;5;Ke;KIZIKSA-MANYAS (BALIKESIR) [North East  4.6 km]
